mag_threshold,dir_threshold,sl_multiplier,tp_multiplier,regime,n_signals,n_trades,total_pnl,total_pnl_usd,win_rate,profit_factor,expectancy,sharpe,sortino,max_dd,calmar,avg_bars_held
0.3,0.55,0.75,2.0,False,142,63,-418.27000000000004,-836.5400000000001,0.2698412698412698,0.27331955037439865,-6.63920634920635,-4.59672456533596,-4.410090648767681,-436.3700000000005,-0.9585214382290248,4.587301587301587
0.3,0.55,0.75,3.0,False,142,59,-424.35999999999996,-848.7199999999999,0.2033898305084746,0.2911147119255636,-7.192542372881356,-4.767011451351007,-4.817908203239681,-451.5400000000003,-0.9398059972538417,6.9491525423728815
0.3,0.55,0.75,4.0,False,142,61,-403.19000000000005,-806.3800000000001,0.19672131147540983,0.3517428773554571,-6.6096721311475415,-4.248721036509673,-4.522248230676708,-474.34999999999997,-0.8499841888900602,7.131147540983607
0.3,0.55,0.75,5.0,False,142,58,-368.82,-737.64,0.1896551724137931,0.37501906359615705,-6.358965517241379,-3.924149724236147,-4.273174161079144,-466.55999999999995,-0.7905092592592593,8.172413793103448
0.3,0.55,1.0,2.0,False,142,53,-412.62000000000006,-825.2400000000001,0.3018867924528302,0.24287129802928556,-7.785283018867926,-5.002602934582175,-4.6996260375464,-413.3100000000003,-0.9983305509181964,5.547169811320755
0.3,0.55,1.0,3.0,False,142,50,-386.74999999999994,-773.4999999999999,0.24,0.3152079607627886,-7.7349999999999985,-4.69687894545942,-4.720026560046689,-421.22000000000025,-0.9181662789041349,8.28
0.3,0.55,1.0,4.0,False,142,50,-349.99999999999994,-699.9999999999999,0.24,0.3802786975228857,-6.999999999999999,-4.082218710635109,-4.271517248911032,-423.49,-0.8264657961226946,8.78
0.3,0.55,1.0,5.0,False,142,51,-342.79,-685.58,0.21568627450980393,0.4249454789464856,-6.721372549019608,-3.7901394776366,-4.209373867092301,-469.28,-0.7304594272076373,9.372549019607844
0.3,0.55,1.5,2.0,False,142,41,-297.63999999999993,-595.2799999999999,0.4146341463414634,0.37068673883626524,-7.25951219512195,-3.957902284837981,-3.6247526415004097,-304.7700000000003,-0.9766053089214805,7.512195121951219
0.3,0.55,1.5,3.0,False,142,40,-202.84999999999994,-405.6999999999999,0.375,0.5853857945835461,-5.071249999999998,-2.524542669541161,-2.568820540753434,-299.71000000000004,-0.6768209268959992,9.55
0.3,0.55,1.5,4.0,False,142,38,-230.01999999999992,-460.03999999999985,0.34210526315789475,0.4985940054495913,-6.05315789473684,-3.0610312868734457,-3.0674595948405585,-292.38,-0.7867159176414253,10.18421052631579
0.3,0.55,1.5,5.0,False,142,38,-231.76999999999998,-463.53999999999996,0.3157894736842105,0.5141497568338085,-6.099210526315789,-3.026282245105272,-3.1520065513816644,-315.13,-0.7354742487227492,11.210526315789474
0.3,0.55,2.0,2.0,False,142,39,-327.8100000000001,-655.6200000000002,0.4358974358974359,0.3438944819166183,-8.405384615384618,-4.387455192568358,-4.025015550218721,-350.98000000000025,-0.9339848424411644,10.051282051282051
0.3,0.55,2.0,3.0,False,142,36,-220.18999999999994,-440.3799999999999,0.3888888888888889,0.5406775418248572,-6.1163888888888875,-2.9151783639145,-2.9342285287887155,-318.84,-0.6905971647221175,13.0
0.3,0.55,2.0,4.0,False,142,34,-253.10999999999999,-506.21999999999997,0.35294117647058826,0.4697934559470443,-7.444411764705882,-3.5165362305506607,-3.5747520561540913,-302.01000000000005,-0.8380848316280916,13.970588235294118
0.3,0.55,2.0,5.0,False,142,34,-254.85999999999999,-509.71999999999997,0.3235294117647059,0.4858272641071681,-7.495882352941176,-3.476040211657228,-3.679514343800871,-310.29999999999995,-0.8213341927167258,15.117647058823529
0.3,0.55,3.0,2.0,False,142,32,-318.78,-637.56,0.53125,0.3048844308765809,-9.961875,-4.521336194875951,-3.7740359666417165,-364.88999999999993,-0.873633149716353,12.875
0.3,0.55,3.0,3.0,False,142,29,-220.9099999999999,-441.8199999999998,0.4827586206896552,0.5034056423513544,-7.617586206896549,-3.135599305766924,-2.889880471052775,-350.7699999999999,-0.6297858995923253,16.75862068965517
0.3,0.55,3.0,4.0,False,142,27,-282.83,-565.66,0.4074074074074074,0.38997929428004496,-10.475185185185184,-4.265489692871715,-4.11042635043041,-333.81000000000006,-0.8472783918995834,18.14814814814815
0.3,0.55,3.0,5.0,False,142,27,-283.08,-566.16,0.37037037037037035,0.4153414019579496,-10.484444444444444,-4.1871408849866345,-4.235260591473983,-340.59999999999997,-0.8311215502055197,20.14814814814815
0.4,0.55,0.75,2.0,False,41,18,-265.97,-531.94,0.2777777777777778,0.15637390173502078,-14.776111111111113,-5.9845832827552,-5.554112552963141,-261.77,-1.016044619322306,2.888888888888889
0.4,0.55,0.75,3.0,False,41,15,-264.59999999999997,-529.1999999999999,0.2,0.14015533097195593,-17.639999999999997,-6.632281745747046,-6.412452293876903,-271.18999999999994,-0.9756996939415171,3.6
0.4,0.55,0.75,4.0,False,41,15,-226.59999999999994,-453.1999999999999,0.2,0.2636402040750008,-15.106666666666662,-5.327427165645426,-5.4915407777494565,-271.18999999999994,-0.8355765330580036,3.933333333333333
0.4,0.55,0.75,5.0,False,41,15,-262.35,-524.7,0.13333333333333333,0.1959113617556012,-17.490000000000002,-6.284562056437675,-6.610812073650464,-299.27,-0.8766331406422295,5.6
0.4,0.55,1.0,2.0,False,41,16,-276.14,-552.28,0.25,0.13021292679853846,-17.25875,-6.6738672858011086,-6.3070062098835145,-262.34999999999997,-1.0525633695445018,3.5
0.4,0.55,1.0,3.0,False,41,14,-265.81,-531.62,0.21428571428571427,0.13960639606396064,-18.986428571428572,-6.92031806415614,-6.6949499278714955,-267.65,-0.9931253502708762,3.9285714285714284
0.4,0.55,1.0,4.0,False,41,14,-227.80999999999997,-455.61999999999995,0.21428571428571427,0.2626076260762607,-16.272142857142857,-5.551957112141328,-5.7378448631293235,-267.65,-0.851148888473753,4.285714285714286
0.4,0.55,1.0,5.0,False,41,14,-263.56000000000006,-527.1200000000001,0.14285714285714285,0.195187492365946,-18.82571428571429,-6.555104972770009,-6.920504998988516,-300.48,-0.8771299254526093,6.071428571428571
0.4,0.55,1.5,2.0,False,41,12,-263.98,-527.96,0.3333333333333333,0.14519784988018916,-21.998333333333335,-7.369699925096583,-6.968966575266635,-261.57,-1.0092135948312115,4.666666666666667
0.4,0.55,1.5,3.0,False,41,11,-230.68999999999997,-461.37999999999994,0.2727272727272727,0.25299527232692187,-20.97181818181818,-6.3836098392827765,-6.643771494734145,-261.85999999999996,-0.8809669288933017,5.7272727272727275
0.4,0.55,1.5,4.0,False,41,11,-230.68999999999997,-461.37999999999994,0.2727272727272727,0.25299527232692187,-20.97181818181818,-6.3836098392827765,-6.643771494734145,-261.85999999999996,-0.8809669288933017,5.7272727272727275
0.4,0.55,1.5,5.0,False,41,11,-266.44,-532.88,0.18181818181818182,0.18609481915933532,-24.221818181818183,-7.574041695110801,-8.067297436895425,-297.60999999999996,-0.8952656160747288,8.0
0.4,0.55,2.0,2.0,False,41,12,-248.23,-496.46,0.4166666666666667,0.1967446526227227,-20.68583333333333,-6.75213352696557,-6.323394506089829,-278.32,-0.8918870365047428,7.083333333333333
0.4,0.55,2.0,3.0,False,41,10,-179.14999999999995,-358.2999999999999,0.4,0.34733505774345147,-17.914999999999996,-5.094622895677613,-5.0846710468261,-261.28,-0.6856628903857929,10.1
0.4,0.55,2.0,4.0,False,41,10,-228.64999999999995,-457.2999999999999,0.3,0.25467761914075226,-22.864999999999995,-6.639227561420403,-6.9807476267023585,-261.28000000000003,-0.8751148193508876,20.4
0.4,0.55,2.0,5.0,False,41,10,-264.4,-528.8,0.2,0.18726177302348462,-26.439999999999998,-7.9075175354351686,-8.504760378333343,-279.82,-0.9448931455935958,22.9
0.4,0.55,3.0,2.0,False,41,10,-213.64999999999995,-427.2999999999999,0.6,0.2501140711101752,-21.364999999999995,-5.872417957267944,-5.277351536126362,-273.73999999999995,-0.7804851318769634,8.5
0.4,0.55,3.0,3.0,False,41,8,-144.57,-289.14,0.625,0.4225745896073811,-18.07125,-4.2668896594644385,-4.0945143062764355,-250.37,-0.5774254103926189,12.625
0.4,0.55,3.0,4.0,False,41,8,-230.31999999999996,-460.63999999999993,0.375,0.2532987518236343,-28.789999999999996,-7.068390215612712,-7.554254350606745,-262.95,-0.8759079672941623,25.875
0.4,0.55,3.0,5.0,False,41,8,-266.06999999999994,-532.1399999999999,0.25,0.18630539160218967,-33.25874999999999,-8.444160649536782,-9.178569768219507,-281.49,-0.9452200788660341,29.0
0.5,0.55,0.75,2.0,False,34,14,-252.30999999999992,-504.61999999999983,0.21428571428571427,0.13128356975623193,-18.02214285714285,-6.556910118993497,-6.2763856524035955,-240.98,-1.0470163499045562,3.0714285714285716
0.5,0.55,0.75,3.0,False,34,12,-256.98,-513.96,0.16666666666666666,0.09162248144220574,-21.415000000000003,-7.403707420634919,-7.172590096282129,-250.4,-1.0262779552715655,3.8333333333333335
0.5,0.55,0.75,4.0,False,34,12,-218.98,-437.96,0.16666666666666666,0.22594556380346414,-18.24833333333333,-5.870776056593635,-6.1119689442130145,-250.4,-0.8745207667731629,4.25
0.5,0.55,0.75,5.0,False,34,12,-218.98,-437.96,0.16666666666666666,0.22594556380346414,-18.24833333333333,-5.870776056593635,-6.1119689442130145,-250.4,-0.8745207667731629,4.25
0.5,0.55,1.0,2.0,False,34,10,-235.89999999999995,-471.7999999999999,0.2,0.12974508429556944,-23.589999999999996,-7.399103864958818,-7.258207231699769,-232.23999999999998,-1.015759559076817,4.3
0.5,0.55,1.0,3.0,False,34,10,-208.64999999999995,-417.2999999999999,0.2,0.23027262330763276,-20.864999999999995,-6.1802168400001385,-6.419775069496214,-238.56999999999996,-0.8745860753657206,5.1
0.5,0.55,1.0,4.0,False,34,10,-208.64999999999995,-417.2999999999999,0.2,0.23027262330763276,-20.864999999999995,-6.1802168400001385,-6.419775069496214,-238.56999999999996,-0.8745860753657206,5.1
0.5,0.55,1.0,5.0,False,34,10,-208.64999999999995,-417.2999999999999,0.2,0.23027262330763276,-20.864999999999995,-6.1802168400001385,-6.419775069496214,-238.56999999999996,-0.8745860753657206,5.1
0.5,0.55,1.5,2.0,False,34,8,-222.56999999999996,-445.13999999999993,0.25,0.1364553425933111,-27.821249999999996,-7.892554028397446,-7.752830065036484,-218.91,-1.0167191996710976,5.375
0.5,0.55,1.5,3.0,False,34,8,-195.32,-390.64,0.25,0.24218204392022968,-24.415,-6.508385687790324,-6.803624784575308,-225.23999999999998,-0.8671639140472386,6.375
0.5,0.55,1.5,4.0,False,34,8,-195.32,-390.64,0.25,0.24218204392022968,-24.415,-6.508385687790324,-6.803624784575308,-225.23999999999998,-0.8671639140472386,6.375
0.5,0.55,1.5,5.0,False,34,8,-195.32,-390.64,0.25,0.24218204392022968,-24.415,-6.508385687790324,-6.803624784575308,-225.23999999999998,-0.8671639140472386,6.375
0.5,0.55,2.0,2.0,False,34,8,-239.31999999999996,-478.63999999999993,0.25,0.12812852927246896,-29.914999999999996,-8.517576144707183,-8.490534991113748,-234.41,-1.0209462053666651,7.0
0.5,0.55,2.0,3.0,False,34,8,-212.07,-424.14,0.25,0.22740354839884877,-26.50875,-7.075031985049687,-7.523766319427931,-240.73999999999998,-0.8809088643349672,8.0
0.5,0.55,2.0,4.0,False,34,8,-212.07,-424.14,0.25,0.22740354839884877,-26.50875,-7.075031985049687,-7.523766319427931,-240.73999999999998,-0.8809088643349672,8.0
0.5,0.55,2.0,5.0,False,34,8,-212.07,-424.14,0.25,0.22740354839884877,-26.50875,-7.075031985049687,-7.523766319427931,-240.73999999999998,-0.8809088643349672,8.0
0.5,0.55,3.0,2.0,False,34,6,-204.73999999999998,-409.47999999999996,0.5,0.18225026960099053,-34.12333333333333,-7.732649496598949,-7.731533596800049,-216.58,-0.9453319789454242,9.333333333333334
0.5,0.55,3.0,3.0,False,34,6,-177.48999999999998,-354.97999999999996,0.5,0.29108918800175737,-29.581666666666663,-6.3246899330646205,-6.702500234912771,-216.58,-0.8195124203527564,10.666666666666666
0.5,0.55,3.0,4.0,False,34,6,-213.73999999999998,-427.47999999999996,0.3333333333333333,0.2260283893395133,-35.62333333333333,-7.833524672891613,-8.618734815937737,-229.16,-0.9327107697678477,11.166666666666666
0.5,0.55,3.0,5.0,False,34,6,-213.73999999999998,-427.47999999999996,0.3333333333333333,0.2260283893395133,-35.62333333333333,-7.833524672891613,-8.618734815937737,-229.16,-0.9327107697678477,11.166666666666666
0.6,0.55,0.75,2.0,False,8,4,-183.40999999999997,-366.81999999999994,0.25,0.11554226744466414,-45.85249999999999,-9.543700904223392,-9.735685993232323,-174.79,-1.0493163224440756,3.25
0.6,0.55,0.75,3.0,False,8,4,-194.15999999999997,-388.31999999999994,0.25,0.06370256064040122,-48.53999999999999,-10.424873144264923,-10.306312591712492,-181.11999999999998,-1.0719964664310955,4.0
0.6,0.55,0.75,4.0,False,8,4,-194.15999999999997,-388.31999999999994,0.25,0.06370256064040122,-48.53999999999999,-10.424873144264923,-10.306312591712492,-181.11999999999998,-1.0719964664310955,4.0
0.6,0.55,0.75,5.0,False,8,4,-194.15999999999997,-388.31999999999994,0.25,0.06370256064040122,-48.53999999999999,-10.424873144264923,-10.306312591712492,-181.11999999999998,-1.0719964664310955,4.0
0.6,0.55,1.0,2.0,False,8,4,-183.40999999999997,-366.81999999999994,0.25,0.11554226744466414,-45.85249999999999,-9.543700904223392,-9.735685993232323,-174.79,-1.0493163224440756,3.25
0.6,0.55,1.0,3.0,False,8,4,-194.15999999999997,-388.31999999999994,0.25,0.06370256064040122,-48.53999999999999,-10.424873144264923,-10.306312591712492,-181.11999999999998,-1.0719964664310955,4.0
0.6,0.55,1.0,4.0,False,8,4,-194.15999999999997,-388.31999999999994,0.25,0.06370256064040122,-48.53999999999999,-10.424873144264923,-10.306312591712492,-181.11999999999998,-1.0719964664310955,4.0
0.6,0.55,1.0,5.0,False,8,4,-194.15999999999997,-388.31999999999994,0.25,0.06370256064040122,-48.53999999999999,-10.424873144264923,-10.306312591712492,-181.11999999999998,-1.0719964664310955,4.0
0.6,0.55,1.5,2.0,False,8,4,-190.40999999999997,-380.81999999999994,0.25,0.11176937071418577,-47.60249999999999,-9.99917112690265,-10.341961010187163,-174.79,-1.0893643801132786,3.5
0.6,0.55,1.5,3.0,False,8,4,-201.15999999999997,-402.31999999999994,0.25,0.06162242851145217,-50.28999999999999,-10.916283031505406,-10.925838332068954,-181.11999999999998,-1.1106448763250882,4.25
0.6,0.55,1.5,4.0,False,8,4,-201.15999999999997,-402.31999999999994,0.25,0.06162242851145217,-50.28999999999999,-10.916283031505406,-10.925838332068954,-181.11999999999998,-1.1106448763250882,4.25
0.6,0.55,1.5,5.0,False,8,4,-201.15999999999997,-402.31999999999994,0.25,0.06162242851145217,-50.28999999999999,-10.916283031505406,-10.925838332068954,-181.11999999999998,-1.1106448763250882,4.25
0.6,0.55,2.0,2.0,False,8,4,-190.40999999999997,-380.81999999999994,0.25,0.11176937071418577,-47.60249999999999,-9.99917112690265,-10.341961010187163,-174.79,-1.0893643801132786,3.5
0.6,0.55,2.0,3.0,False,8,4,-201.15999999999997,-402.31999999999994,0.25,0.06162242851145217,-50.28999999999999,-10.916283031505406,-10.925838332068954,-181.11999999999998,-1.1106448763250882,4.25
0.6,0.55,2.0,4.0,False,8,4,-201.15999999999997,-402.31999999999994,0.25,0.06162242851145217,-50.28999999999999,-10.916283031505406,-10.925838332068954,-181.11999999999998,-1.1106448763250882,4.25
0.6,0.55,2.0,5.0,False,8,4,-201.15999999999997,-402.31999999999994,0.25,0.06162242851145217,-50.28999999999999,-10.916283031505406,-10.925838332068954,-181.11999999999998,-1.1106448763250882,4.25
0.6,0.55,3.0,2.0,False,8,3,-148.11999999999998,-296.23999999999995,0.6666666666666666,0.18856141119754577,-49.37333333333333,-8.309398128513525,0.0,0.0,0.0,5.666666666666667
0.6,0.55,3.0,3.0,False,8,3,-158.86999999999998,-317.73999999999995,0.6666666666666666,0.12967020926920128,-52.956666666666656,-9.173903457681826,0.0,0.0,0.0,6.666666666666667
0.6,0.55,3.0,4.0,False,8,3,-195.11999999999998,-390.23999999999995,0.3333333333333333,0.06340901454423271,-65.03999999999999,-12.204687740230494,-13.173562891608876,-25.789999999999992,-7.565723148507175,7.666666666666667
0.6,0.55,3.0,5.0,False,8,3,-195.11999999999998,-390.23999999999995,0.3333333333333333,0.06340901454423271,-65.03999999999999,-12.204687740230494,-13.173562891608876,-25.789999999999992,-7.565723148507175,7.666666666666667
0.7,0.5,0.75,2.0,True,3992,1210,-10209.649999999998,-20419.299999999996,0.32975206611570246,0.5391028856037621,-8.43772727272727,-4.515277405768349,-13.028005185829159,-10194.490000000207,-1.001487077823392,3.8636363636363638
0.7,0.5,0.75,3.0,True,3992,1131,-9327.239999999998,-18654.479999999996,0.33687002652519893,0.5494848697080204,-8.246896551724136,-4.303057512069756,-12.398662450390953,-9329.370000000104,-0.9997716887635385,4.215738284703802
0.7,0.5,0.75,4.0,True,3992,1115,-9009.849999999999,-18019.699999999997,0.3399103139013453,0.5565296315492336,-8.080582959641255,-4.186931412652667,-12.228271928771397,-9011.980000000045,-0.9997636479441758,4.324663677130045
0.7,0.5,0.75,5.0,True,3992,1111,-9063.439999999999,-18126.879999999997,0.33933393339333934,0.55336803190876,-8.157911791179117,-4.225581451777481,-12.292705956230762,-9065.570000000054,-0.9997650451102297,4.324032403240324
0.7,0.5,1.0,2.0,True,3992,966,-6935.639999999998,-13871.279999999995,0.4078674948240166,0.6234903001376698,-7.179751552795029,-3.4393202267614122,-9.653968295882466,-6918.809999999967,-1.0024324992303635,4.866459627329193
0.7,0.5,1.0,3.0,True,3992,922,-6608.379999999997,-13216.759999999995,0.40455531453362253,0.6275071923954509,-7.16744034707158,-3.34400701533811,-9.53091206593053,-6610.509999999969,-0.9996777858289342,5.252711496746204
0.7,0.5,1.0,4.0,True,3992,914,-6534.059999999998,-13068.119999999995,0.40809628008752735,0.6260404838650598,-7.148862144420129,-3.3386533683921518,-9.560876051097582,-6536.18999999997,-0.9996741220802988,5.289934354485776
0.7,0.5,1.0,5.0,True,3992,910,-6572.399999999998,-13144.799999999996,0.4065934065934066,0.6237807391125153,-7.22241758241758,-3.3643926640022537,-9.629128544225074,-6574.52999999997,-0.9996760224685305,5.320879120879121
0.7,0.5,1.5,2.0,True,3992,712,-4504.979999999999,-9009.959999999997,0.4957865168539326,0.6917534618874214,-6.327219101123593,-2.6363570459374133,-6.7047057611079905,-4520.569999999976,-0.9965513198556869,6.964887640449438
0.7,0.5,1.5,3.0,True,3992,676,-3936.789999999999,-7873.579999999998,0.4970414201183432,0.7138929566819404,-5.823653846153845,-2.369632485070275,-6.07715436170151,-3940.4199999999773,-0.999078778404338,7.544378698224852
0.7,0.5,1.5,4.0,True,3992,671,-3886.5899999999992,-7773.1799999999985,0.4977645305514158,0.7143731677938859,-5.792235469448583,-2.355663337322594,-6.039877746716938,-3890.2199999999775,-0.9990668908185197,7.597615499254844
0.7,0.5,1.5,5.0,True,3992,667,-4023.179999999999,-8046.359999999998,0.4947526236881559,0.7051422993034545,-6.031754122938529,-2.448327824472619,-6.266534833003927,-4026.8099999999777,-0.9990985420221021,7.5922038980509745
0.7,0.5,2.0,2.0,True,3992,561,-3689.1899999999996,-7378.379999999999,0.5454545454545454,0.7096886139899431,-6.576096256684491,-2.4098775815516045,-5.692092059369073,-3746.569999999982,-0.9846846582340694,9.636363636363637
0.7,0.5,2.0,3.0,True,3992,537,-3188.9799999999996,-6377.959999999999,0.5512104283054003,0.7390710248379104,-5.93851024208566,-2.1096475969606914,-5.10592750220907,-3229.6499999999833,-0.9874073041970542,10.094972067039107
0.7,0.5,2.0,4.0,True,3992,539,-3100.3099999999995,-6200.619999999999,0.5602968460111317,0.7395623236446205,-5.751966604823747,-2.0776407248705695,-4.9111995016861645,-3140.979999999983,-0.9870518118549039,10.10760667903525
0.7,0.5,2.0,5.0,True,3992,538,-3279.7699999999995,-6559.539999999999,0.5557620817843866,0.7277252422211543,-6.096226765799256,-2.193864643070113,-5.228485340326315,-3320.4399999999832,-0.9877516232788474,10.091078066914498
0.7,0.5,3.0,2.0,True,3992,404,-2274.91,-4549.82,0.6386138613861386,0.7717063194190775,-5.630965346534653,-1.710159184533104,-2.9814548206579867,-2501.8699999999926,-0.909283855675957,15.896039603960396
0.7,0.5,3.0,3.0,True,3992,395,-2383.8,-4767.6,0.6354430379746835,0.7612441983682313,-6.03493670886076,-1.7853115767259107,-3.1521409588132663,-2627.869999999993,-0.9071224984493169,16.149367088607594
0.7,0.5,3.0,4.0,True,3992,395,-2160.8,-4321.6,0.6430379746835443,0.7777215429466091,-5.470379746835444,-1.6291681358930306,-2.82434796862422,-2348.119999999993,-0.9202255421358391,15.954430379746835
0.7,0.5,3.0,5.0,True,3992,396,-2301.0899999999997,-4602.179999999999,0.6414141414141414,0.7658204917882635,-5.810833333333332,-1.7253407812455133,-3.010297792958135,-2538.6999999999925,-0.9064048528774595,15.896464646464647
0.7,0.51,0.75,2.0,True,2228,748,-6305.669999999998,-12611.339999999997,0.3181818181818182,0.5469950753072095,-8.43004010695187,-4.38534393397435,-12.466122865369819,-6290.509999999976,-1.0024099794770254,3.8890374331550803
0.7,0.51,0.75,3.0,True,2228,709,-5678.609999999999,-11357.219999999998,0.3300423131170663,0.5643483764552444,-8.009322990126938,-4.094924688605526,-11.687191630034246,-5680.739999999977,-0.9996250488492735,4.197461212976022
0.7,0.51,0.75,4.0,True,2228,701,-5659.289999999999,-11318.579999999998,0.33238231098430815,0.559158463466711,-8.073166904422253,-4.150448676906506,-11.829502454412154,-5661.419999999977,-0.9996237693016985,4.268188302425107
0.7,0.51,0.75,5.0,True,2228,698,-5639.419999999998,-11278.839999999997,0.32951289398280803,0.5619177237265369,-8.07939828080229,-4.097238054521078,-11.830846143341276,-5641.549999999977,-0.9996224441864419,4.293696275071634
0.7,0.51,1.0,2.0,True,2228,619,-4323.509999999998,-8647.019999999997,0.40226171243941844,0.6400539480749777,-6.984668820678511,-3.239615153304705,-8.771106329976295,-4306.67999999998,-1.0039078826381385,5.037156704361874
0.7,0.51,1.0,3.0,True,2228,594,-4088.2599999999984,-8176.519999999997,0.4074074074074074,0.6436805251717421,-6.88259259259259,-3.14725762212037,-8.523119183735895,-4090.3899999999812,-0.9994792672581385,5.335016835016835
0.7,0.51,1.0,4.0,True,2228,589,-4069.5599999999995,-8139.119999999999,0.4091680814940577,0.6414380330000782,-6.909269949066213,-3.156025157509694,-8.58774654930173,-4071.6899999999814,-0.9994768756953545,5.397283531409168
0.7,0.51,1.0,5.0,True,2228,585,-4034.899999999999,-8069.799999999998,0.40683760683760684,0.6438001594331734,-6.897264957264956,-3.1192143067736193,-8.560772873897188,-4037.0299999999816,-0.9994723844014084,5.441025641025641
0.7,0.51,1.5,2.0,True,2228,480,-2689.949999999999,-5379.899999999998,0.5,0.7308125309596357,-5.604062499999998,-2.246907104704632,-5.4431144078354095,-2705.539999999986,-0.9942377492108833,7.072916666666667
0.7,0.51,1.5,3.0,True,2228,456,-2406.24,-4812.48,0.506578947368421,0.7442822604213711,-5.276842105263158,-2.078181979858803,-5.180510343428919,-2409.8699999999867,-0.9984936946806313,7.583333333333333
0.7,0.51,1.5,4.0,True,2228,457,-2423.5299999999997,-4847.0599999999995,0.5054704595185996,0.7418766987892264,-5.303129102844639,-2.092392316029561,-5.220877497775928,-2427.159999999986,-0.9985044249246088,7.643326039387309
0.7,0.51,1.5,5.0,True,2228,452,-2501.329999999999,-5002.659999999998,0.5022123893805309,0.7335396415350603,-5.533915929203538,-2.1713849978847395,-5.4187463441235115,-2504.9599999999864,-0.9985508750638783,7.615044247787611
0.7,0.51,2.0,2.0,True,2228,381,-1566.4899999999996,-3132.979999999999,0.5643044619422573,0.8139315277904804,-4.111522309711285,-1.4530777192135773,-3.2312244161490797,-1682.019999999996,-0.9313147287190422,10.10761154855643
0.7,0.51,2.0,3.0,True,2228,368,-1520.4699999999993,-3040.9399999999987,0.5706521739130435,0.8142272593428851,-4.1317119565217375,-1.432234325254132,-3.307319362030108,-1606.459999999996,-0.9464723678149491,10.625
0.7,0.51,2.0,4.0,True,2228,366,-1504.8899999999996,-3009.7799999999993,0.5737704918032787,0.8121292245925212,-4.111721311475409,-1.4340807838597076,-3.260154531897451,-1588.8799999999972,-0.9471388651125335,10.740437158469945
0.7,0.51,2.0,5.0,True,2228,363,-1595.2699999999995,-3190.539999999999,0.5702479338842975,0.8020999901997147,-4.394683195592285,-1.5202492909089502,-3.4931699956875697,-1691.719999999997,-0.9429870191284623,10.735537190082646
0.7,0.51,3.0,2.0,True,2228,296,-1250.0900000000001,-2500.1800000000003,0.6418918918918919,0.8281424637647288,-4.223277027027027,-1.2474359594176034,-2.0813565193138523,-1753.0999999999976,-0.7130739832297084,16.33445945945946
0.7,0.51,3.0,3.0,True,2228,291,-1251.89,-2503.78,0.6460481099656358,0.8258329658160206,-4.302027491408935,-1.2490614175746213,-2.084186575658563,-1726.719999999996,-0.7250104243884377,16.9106529209622
0.7,0.51,3.0,4.0,True,2228,290,-1377.3500000000004,-2754.7000000000007,0.6448275862068965,0.8070565459430535,-4.749482758620691,-1.385619806806774,-2.292399887944763,-1752.689999999995,-0.7858491804026977,16.66896551724138
0.7,0.51,3.0,5.0,True,2228,288,-1308.77,-2617.54,0.6458333333333334,0.8153692276873507,-4.544340277777778,-1.3139764860772962,-2.186392832321892,-1694.6099999999958,-0.7723133936421969,16.72222222222222
0.7,0.52,0.75,2.0,False,7698,2666,-21280.139999999992,-42560.279999999984,0.3304576144036009,0.5426640289787482,-7.9820480120029975,-4.311616406849944,-10.549496974896618,-21269.31000000136,-1.000509184359936,3.9017254313578396
0.7,0.52,0.75,3.0,False,7698,2518,-19921.469999999994,-39842.93999999999,0.3284352660841938,0.5502484626156946,-7.911624305003969,-4.166485529050968,-10.424303590724064,-19938.85000000116,-0.9991283348838491,4.299444003177125
0.7,0.52,0.75,4.0,False,7698,2480,-19971.949999999997,-39943.899999999994,0.3241935483870968,0.5463656694348454,-8.05320564516129,-4.194959320863621,-10.434552736835164,-19989.33000000115,-0.9991305361409736,4.458870967741936
0.7,0.52,0.75,5.0,False,7698,2460,-19775.649999999998,-39551.299999999996,0.32398373983739837,0.5477269078436098,-8.038882113821137,-4.17270366909864,-10.429117759939889,-19793.03000000114,-0.9991219131178429,4.485772357723577
0.7,0.52,1.0,2.0,False,7698,2270,-16502.799999999996,-33005.59999999999,0.3907488986784141,0.6057109175891664,-7.269955947136562,-3.57344782461237,-8.851150077724414,-16498.640000000905,-1.000252141994679,4.840969162995595
0.7,0.52,1.0,3.0,False,7698,2144,-15720.259999999995,-31440.51999999999,0.384794776119403,0.6064894129379736,-7.33221082089552,-3.524975589140741,-8.876659503959482,-15737.640000000796,-0.9988956412778027,5.319496268656716
0.7,0.52,1.0,4.0,False,7698,2114,-15700.809999999996,-31401.61999999999,0.379848628192999,0.605010472971783,-7.427062440870386,-3.5265748607637866,-8.895195036572781,-15723.38000000079,-0.9985645580021094,5.506622516556291
0.7,0.52,1.0,5.0,False,7698,2094,-15477.259999999998,-30954.519999999997,0.38013371537726837,0.6071628813866052,-7.39124164278892,-3.5021273137563442,-8.846152336943042,-15499.830000000777,-0.9985438549970692,5.562559694364852
0.7,0.52,1.5,2.0,False,7698,1821,-10934.589999999997,-21869.179999999993,0.4843492586490939,0.697800173615957,-6.004717188358043,-2.5366197335374183,-5.819742358747144,-10923.18000000021,-1.0010445676075819,6.991213618890719
0.7,0.52,1.5,3.0,False,7698,1700,-10206.999999999996,-20413.999999999993,0.4764705882352941,0.7043129120847287,-6.004117647058822,-2.457839899952604,-5.810093314226215,-10261.020000000113,-0.9947354161671923,7.916470588235294
0.7,0.52,1.5,4.0,False,7698,1676,-10091.789999999997,-20183.579999999994,0.47255369928400953,0.7053221813620285,-6.021354415274462,-2.4352216545704706,-5.765951458671413,-10112.060000000101,-0.9979954628433668,8.123508353221958
0.7,0.52,1.5,5.0,False,7698,1658,-9917.819999999996,-19835.639999999992,0.47225572979493363,0.7068617410387711,-5.9817973462002385,-2.41951981003158,-5.7108099747863434,-9935.880000000096,-0.9981823451973958,8.18335343787696
0.7,0.52,2.0,2.0,False,7698,1558,-8687.069999999998,-17374.139999999996,0.5500641848523748,0.7361200636441562,-5.575783055198972,-2.1163591707447407,-4.3657876488566485,-8943.630000000006,-0.9713136612315124,9.21630295250321
0.7,0.52,2.0,3.0,False,7698,1475,-8144.499999999999,-16288.999999999998,0.5403389830508475,0.7438987078432808,-5.521694915254237,-2.0407673788515326,-4.322384498630131,-8392.27999999996,-0.9704752462977924,10.179661016949153
0.7,0.52,2.0,4.0,False,7698,1454,-8007.159999999998,-16014.319999999996,0.5364511691884457,0.7464761618897992,-5.5069876203576325,-2.0108978240555606,-4.339938148075637,-8278.099999999959,-0.9672702673318803,10.55089408528198
0.7,0.52,2.0,5.0,False,7698,1440,-7848.0999999999985,-15696.199999999997,0.5340277777777778,0.7490361935850272,-5.450069444444443,-1.9880863434459166,-4.26751303546282,-8196.159999999956,-0.9575337719127055,10.609722222222222
0.7,0.52,3.0,2.0,False,7698,1259,-5465.609999999999,-10931.219999999998,0.6449563145353455,0.8082503153956585,-4.34123113582208,-1.3857754141247114,-2.2471833969355606,-5576.989999999963,-0.9800286534492683,14.177124702144559
0.7,0.52,3.0,3.0,False,7698,1193,-5253.72,-10507.44,0.6211232187761945,0.8111774257662026,-4.403788767812238,-1.36426862059389,-2.184086479282371,-5492.199999999964,-0.9565784203051663,15.122380553227158
0.7,0.52,3.0,4.0,False,7698,1173,-4938.17,-9876.34,0.618073316283035,0.8202777119643684,-4.209863597612959,-1.290559657145162,-2.083601179579966,-5067.819999999965,-0.9744170077074628,15.636828644501279
0.7,0.52,3.0,5.0,False,7698,1162,-5004.4800000000005,-10008.960000000001,0.6135972461273667,0.8163069567250568,-4.306781411359725,-1.323952660438786,-2.1301040658672075,-5065.499999999965,-0.9879538051525091,15.75645438898451
0.8,0.5,0.75,2.0,False,12635,4415,-39424.84999999999,-78849.69999999998,0.36149490373725934,0.5694614485523309,-8.929750849377122,-3.913168693500308,-10.52806540099908,-39442.810000002886,-0.9995446571883977,3.2935447338618347
0.8,0.5,0.75,3.0,False,12635,4253,-37836.369999999995,-75672.73999999999,0.35904067716905713,0.5725611477517937,-8.896395485539617,-3.833093697119593,-10.529527089775318,-37853.91000000275,-0.9995366396759873,3.426522454737832
0.8,0.5,0.75,4.0,False,12635,4211,-37479.439999999995,-74958.87999999999,0.3585846592258371,0.5727075525980577,-8.900365708857752,-3.823308505739666,-10.560767362998577,-37495.73000000272,-0.9995655505306146,3.462597957729755
0.8,0.5,0.75,5.0,False,12635,4187,-37296.729999999996,-74593.45999999999,0.3575352280869358,0.5734401465756134,-8.907745402436111,-3.803728662490204,-10.570158616350838,-37313.020000002696,-0.9995634231696416,3.4848340100310486
0.8,0.5,1.0,2.0,False,12635,3641,-28617.639999999996,-57235.27999999999,0.4262565229332601,0.6371752818652806,-7.859829717110682,-3.130532312172476,-8.044993557865805,-28689.01000000206,-0.9975122878063042,4.081296347157374
0.8,0.5,1.0,3.0,False,12635,3509,-27778.359999999997,-55556.719999999994,0.4223425477343973,0.6367551717387729,-7.916318039327443,-3.1023930350044853,-8.137174897033539,-27810.230000001917,-0.998854018826816,4.277286976346537
0.8,0.5,1.0,4.0,False,12635,3475,-27378.499999999996,-54756.99999999999,0.4233093525179856,0.6383225277699763,-7.878705035971222,-3.080411845489268,-8.127699291586072,-27445.950000001896,-0.9975424425096637,4.322302158273382
0.8,0.5,1.0,5.0,False,12635,3457,-27236.52999999999,-54473.05999999998,0.4220422331501302,0.6392520705582516,-7.878660688458198,-3.063172806318015,-8.131003487410208,-27303.980000001888,-0.9975296641734321,4.347700318194967
0.8,0.5,1.5,2.0,False,12635,2797,-17421.379999999997,-34842.759999999995,0.5123346442617089,0.7279962578247573,-6.228594923131926,-2.165170798187996,-4.912214481206607,-17440.70000000114,-0.9988922462973883,5.703253485877726
0.8,0.5,1.5,3.0,False,12635,2693,-16446.719999999998,-32893.439999999995,0.5113256591162273,0.7336677427880003,-6.107211288525806,-2.096002026130408,-4.833271880771693,-16511.910000001077,-0.9960519406900186,5.926476049015967
0.8,0.5,1.5,4.0,False,12635,2665,-16082.849999999999,-32165.699999999997,0.5118198874296436,0.7366911379361321,-6.034840525328329,-2.0615310241148377,-4.7699582330227805,-16123.040000001047,-0.9975072939097686,6.000375234521576
0.8,0.5,1.5,5.0,False,12635,2650,-16161.749999999996,-32323.499999999993,0.5090566037735849,0.7352834518969078,-6.098773584905659,-2.072155374814884,-4.834236434732531,-16201.940000001052,-0.9975194328579755,6.033207547169812
0.8,0.5,2.0,2.0,False,12635,2230,-10920.2,-21840.4,0.5753363228699552,0.7931618906626806,-4.89695067264574,-1.5442140245595086,-3.0392492854040416,-10942.230000000447,-0.9979866992376832,7.585201793721973
0.8,0.5,2.0,3.0,False,12635,2159,-10774.36,-21548.72,0.5748031496062992,0.791818794498357,-4.990440018527096,-1.5443478806921473,-3.1495565651251067,-10866.830000000331,-0.9914906186992594,7.823529411764706
0.8,0.5,2.0,4.0,False,12635,2136,-10543.44,-21086.88,0.5735018726591761,0.793675254920678,-4.936067415730338,-1.5264486074733357,-3.1013315376017956,-10599.410000000305,-0.9947195174070723,7.905898876404494
0.8,0.5,2.0,5.0,False,12635,2122,-10526.880000000001,-21053.760000000002,0.5725730442978322,0.793594756811774,-4.960829406220547,-1.528257355000633,-3.1223939244297028,-10582.850000000306,-0.9947112545297058,7.945334590009425
0.8,0.5,3.0,2.0,False,12635,1666,-7144.140000000001,-14288.280000000002,0.6518607442977191,0.8295257764430907,-4.288199279711885,-1.161209220225488,-1.7193665870606973,-7552.359999999946,-0.94594802154559,11.14765906362545
0.8,0.5,3.0,3.0,False,12635,1618,-6184.970000000001,-12369.940000000002,0.6495673671199012,0.8489312659572467,-3.8226019777503097,-1.0166022548221845,-1.5275760927306359,-6367.379999999947,-0.971352424388061,11.543881334981458
0.8,0.5,3.0,4.0,False,12635,1601,-6254.540000000001,-12509.080000000002,0.6477201748906933,0.8464005603169561,-3.9066458463460343,-1.0316327004964958,-1.5528505366106924,-6562.039999999948,-0.9531395724500384,11.701436602123673
0.8,0.5,3.0,5.0,False,12635,1579,-5649.660000000002,-11299.320000000003,0.6459784673844206,0.8589563489814661,-3.5779987333755554,-0.9417159120674109,-1.422833267522177,-5960.199999999949,-0.9478977215529765,11.90120329322356
0.8,0.51,0.75,2.0,False,8349,3129,-26541.159999999996,-53082.31999999999,0.3652924256951103,0.5866663842707113,-8.482313838286991,-3.7891259592014617,-10.032979955630653,-26533.560000001766,-1.0002864297138503,3.306168104825823
0.8,0.51,0.75,3.0,False,8349,3012,-25523.229999999992,-51046.459999999985,0.36321381142098275,0.5883630178720092,-8.473847941567062,-3.735108861218297,-10.028290560211934,-25518.670000001624,-1.0001786926982623,3.439907038512616
0.8,0.51,0.75,4.0,False,8349,2978,-25342.869999999995,-50685.73999999999,0.36265950302216254,0.5872945072579248,-8.51003022162525,-3.7443006710807816,-10.112658535577213,-25338.310000001617,-1.0001799646463547,3.483210208193418
0.8,0.51,0.75,5.0,False,8349,2966,-25227.889999999992,-50455.779999999984,0.3624409979770735,0.5878832104148972,-8.505694538098446,-3.7320348649217796,-10.111583419806387,-25223.3300000016,-1.000180785011273,3.5010114632501685
0.8,0.51,1.0,2.0,False,8349,2633,-20226.819999999996,-40453.63999999999,0.4272692745917205,0.6446795350490122,-7.682043296619824,-3.122260909114304,-7.848568328254338,-20214.300000001203,-1.0006193635198246,4.080136726167869
0.8,0.51,1.0,3.0,False,8349,2518,-19101.719999999994,-38203.43999999999,0.4273232724384432,0.6497550890037033,-7.586068308181094,-3.0355485745586877,-7.733747095294883,-19089.200000001143,-1.0006558682395725,4.2986497220015885
0.8,0.51,1.0,4.0,False,8349,2492,-18993.679999999997,-37987.35999999999,0.4265650080256822,0.6487946597546179,-7.621861958266451,-3.045298552738879,-7.806424003902972,-18981.16000000113,-1.0006596014152382,4.345906902086678
0.8,0.51,1.0,5.0,False,8349,2484,-18945.859999999997,-37891.719999999994,0.42592592592592593,0.6489754885031488,-7.6271578099838955,-3.0386430835575884,-7.816323382568238,-18933.34000000113,-1.0006612673727333,4.367552334943639
0.8,0.51,1.5,2.0,False,8349,2058,-11975.819999999998,-23951.639999999996,0.5228377065111759,0.744355117766839,-5.819154518950437,-2.0680157031384976,-4.80479600488151,-11939.130000000414,-1.003073088240063,5.794460641399417
0.8,0.51,1.5,3.0,False,8349,1987,-11914.73,-23829.46,0.5193759436336185,0.7387461504474744,-5.996341217916457,-2.107788039907139,-4.965863581206408,-11878.79000000041,-1.0030255606841765,6.003522898842476
0.8,0.51,1.5,4.0,False,8349,1969,-11609.009999999998,-23218.019999999997,0.5195530726256983,0.7426401782917431,-5.895891315388521,-2.067696620638869,-4.878529874831714,-11612.110000000352,-0.999733037320491,6.089385474860335
0.8,0.51,1.5,5.0,False,8349,1959,-11659.609999999999,-23319.219999999998,0.5181214905564063,0.7412239584026903,-5.951817253700868,-2.078705178034756,-4.964457758170838,-11662.710000000374,-0.9997341955685792,6.1230219499744765
0.8,0.51,2.0,2.0,False,8349,1728,-8117.62,-16235.24,0.5868055555555556,0.8008718580594864,-4.69769675925926,-1.515013905183402,-2.9978171729308856,-8235.339999999944,-0.9857055082121753,7.548611111111111
0.8,0.51,2.0,3.0,False,8349,1661,-7924.6900000000005,-15849.380000000001,0.5821794099939795,0.7997602588032495,-4.771035520770621,-1.5118375118444296,-3.033587934983406,-7943.089999999945,-0.9976835211485776,7.860325105358218
0.8,0.51,2.0,4.0,False,8349,1643,-7647.720000000001,-15295.440000000002,0.581253804017042,0.8038858588270106,-4.654729153986611,-1.475869483580428,-2.9438422811084646,-7642.199999999945,-1.0007223050953986,7.9610468654899575
0.8,0.51,2.0,5.0,False,8349,1634,-7681.110000000001,-15362.220000000001,0.5807833537331701,0.8026279071560167,-4.700801713586292,-1.4871679318294289,-2.982131798982069,-7678.6299999999455,-1.0003229742805755,7.996940024479804
0.8,0.51,3.0,2.0,False,8349,1328,-4826.120000000001,-9652.240000000002,0.6626506024096386,0.8529414184492683,-3.634126506024097,-1.0114612565500176,-1.460910852721473,-5180.91999999996,-0.9315179543401632,11.470632530120483
0.8,0.51,3.0,3.0,False,8349,1299,-4398.960000000001,-8797.920000000002,0.6581986143187067,0.8622667609318729,-3.386420323325636,-0.9463238353559267,-1.4377640452550962,-4660.169999999959,-0.9439483967323166,11.731331793687453
0.8,0.51,3.0,4.0,False,8349,1281,-4134.990000000001,-8269.980000000001,0.6557377049180327,0.8683192979729719,-3.2279391100702584,-0.898702674432864,-1.3487169653507907,-4470.52999999996,-0.924944022297141,11.995316159250585
0.8,0.51,3.0,5.0,False,8349,1266,-4004.3900000000003,-8008.780000000001,0.6548183254344392,0.8713220786465583,-3.163025276461296,-0.8785018582972378,-1.3315248921615195,-4342.96999999996,-0.9220395259465382,12.131121642969985
0.8,0.52,0.75,2.0,False,2958,1154,-9273.909999999998,-18547.819999999996,0.37954939341421146,0.5938221296821058,-8.036317157712304,-3.6579410257207976,-9.60702733154441,-9274.17000000004,-0.9999719651462026,3.4766031195840554
0.8,0.52,0.75,3.0,False,2958,1113,-8664.769999999997,-17329.539999999994,0.38005390835579517,0.607224273413613,-7.785058400718775,-3.4797879623092403,-9.375806933575666,-8693.789999999988,-0.9966619851641239,3.6379155435759207
0.8,0.52,0.75,4.0,False,2958,1103,-8707.369999999997,-17414.739999999994,0.37896645512239346,0.6016009407070858,-7.89426110607434,-3.5485967019718156,-9.475755732563577,-8746.92999999999,-0.9954772703108413,3.6826835902085224
0.8,0.52,0.75,5.0,False,2958,1097,-8645.879999999997,-17291.759999999995,0.3810391978122151,0.6012583181869959,-7.881385597082951,-3.563081356405519,-9.431091507069445,-8685.439999999988,-0.9954452509026612,3.7064721969006382
0.8,0.52,1.0,2.0,False,2958,997,-7441.879999999998,-14883.759999999997,0.4312938816449348,0.6405788309978467,-7.464272818455364,-3.1495913024937905,-8.19648741208407,-7617.269999999969,-0.9769746904074595,4.1594784353059175
0.8,0.52,1.0,3.0,False,2958,959,-6913.359999999999,-13826.719999999998,0.4316996871741397,0.6537875809710768,-7.208925964546401,-2.988531289628205,-7.946831514889655,-7126.36999999997,-0.9701096069948695,4.370177267987487
0.8,0.52,1.0,4.0,False,2958,949,-6825.459999999999,-13650.919999999998,0.4309799789251844,0.653826042192338,-7.192265542676501,-2.989626704738868,-7.928886479001764,-7058.25999999997,-0.9670173668864603,4.423603793466807
0.8,0.52,1.0,5.0,False,2958,945,-6830.299999999998,-13660.599999999997,0.4328042328042328,0.6514164222095654,-7.227830687830686,-3.0224042148824792,-7.94903496884026,-7063.09999999997,-0.967039968285884,4.456084656084656
0.8,0.52,1.5,2.0,False,2958,814,-4602.559999999999,-9205.119999999997,0.527027027027027,0.7407505041287864,-5.654250614250612,-2.0856731238138027,-4.8709672774524115,-4828.479999999977,-0.9532109483729913,5.862407862407863
0.8,0.52,1.5,3.0,False,2958,774,-4192.959999999999,-8385.919999999998,0.5284237726098191,0.7530953180113176,-5.417260981912143,-1.963569097844883,-4.781497493081128,-4526.539999999979,-0.9263057434596885,6.1537467700258395
0.8,0.52,1.5,4.0,False,2958,772,-4213.629999999998,-8427.259999999997,0.5259067357512953,0.7521414529527404,-5.458069948186527,-1.9737244548099422,-4.811931051566941,-4517.959999999979,-0.9326399525449578,6.22279792746114
0.8,0.52,1.5,5.0,False,2958,767,-4264.6799999999985,-8529.359999999997,0.5254237288135594,0.7477052171258597,-5.560208604954366,-2.0154615539752583,-4.923584399522943,-4569.009999999979,-0.933392573008161,6.262059973924381
0.8,0.52,2.0,2.0,False,2958,711,-3385.4399999999996,-6770.879999999999,0.5935302390998594,0.789447104605378,-4.761518987341772,-1.5916919769417193,-3.1233401110952994,-3715.9799999999855,-0.9110490368624193,7.530239099859353
0.8,0.52,2.0,3.0,False,2958,688,-3109.7699999999995,-6219.539999999999,0.5886627906976745,0.8020524415231757,-4.52001453488372,-1.4866952941115863,-3.0157840043847344,-3481.649999999986,-0.8931885743828392,7.725290697674419
0.8,0.52,2.0,4.0,False,2958,680,-3189.2000000000003,-6378.400000000001,0.5852941176470589,0.7957118186337058,-4.69,-1.5421832349902036,-3.1778703528096344,-3597.8299999999845,-0.8864232050986328,7.883823529411765
0.8,0.52,2.0,5.0,False,2958,675,-3104.999999999999,-6209.999999999998,0.5866666666666667,0.7990019361842474,-4.599999999999999,-1.5136322874224046,-3.0957126255536664,-3513.629999999985,-0.883701471128153,7.961481481481481
0.8,0.52,3.0,2.0,False,2958,567,-1540.93,-3081.86,0.6754850088183422,0.8826638421456207,-2.717689594356261,-0.7946660531371385,-1.2225455474801221,-1926.0599999999904,-0.8000425739592784,11.105820105820106
0.8,0.52,3.0,3.0,False,2958,556,-1477.2400000000002,-2954.4800000000005,0.6636690647482014,0.8871558890167123,-2.6569064748201443,-0.7621893507216088,-1.170030541852354,-1901.7799999999913,-0.7767670287835643,11.370503597122303
0.8,0.52,3.0,4.0,False,2958,547,-1429.8800000000003,-2859.7600000000007,0.6636197440585009,0.8888322205256267,-2.6140402193784285,-0.7512831466328804,-1.151126799301313,-1862.2099999999914,-0.7678403617207549,11.586837294332724
0.8,0.52,3.0,5.0,False,2958,543,-1365.2200000000003,-2730.4400000000005,0.6629834254143646,0.8926593162596108,-2.514217311233886,-0.7266521456022111,-1.1249249184733647,-1797.5499999999915,-0.7594893048872113,11.670349907918968
